TERMS AND CONDITIONS,,,,,,,,,,,,,
https://www.bankofcanada.ca/terms/,,,,,,,,,,,,,
,,,,,,,,,,,,,
SERIES,,,,,,,,,,,,,
id,label,description,,,,,,,,,,,
FXCADUSD,CAD/USD,Canadian dollar to US dollar daily exchange rate,,,,,,,,,,,
,,,,,,,,,,,,,
OBSERVATIONS,,,,,,,,,,,,,
date,FXCADUSD,,2017,,,2018,,,2019,,,2020,
1/3/2017,0.7443,,January,0.758038095,,January,,,January,,,January,
1/4/2017,0.751,,February,0.762963158,,February,,,February,,,February,
1/5/2017,0.7551,,March,0.747034783,,March,,,March,,,March,
1/6/2017,0.7568,,April,0.744094737,,April,,,April,,,April,
1/9/2017,0.7553,,May,0.734954545,,May,,,May,,,May,
1/10/2017,0.7568,,June,0.752086364,,June,,,June,,,June,
1/11/2017,0.7547,,July,0.78825,,July,,,July,,,July,
1/12/2017,0.763,,August,0.793372727,,August,,,August,,,August,
1/13/2017,0.761,,September,0.8142,,September,,,September,,,September,
1/16/2017,0.7603,,October,0.793452381,,October,,,October,,,October,
1/17/2017,0.7659,,November,0.78317619,,November,,,November,,,November,
1/18/2017,0.7634,,December,0.783094737,,December,,,December,,,December,
1/19/2017,0.7517,,,,,,,,,,,,
1/20/2017,0.7487,,,,,,,,,,,,
1/23/2017,0.7524,,,,,,,,,,,,
1/24/2017,0.7591,,,,,,,,,,,,
1/25/2017,0.7641,,,,,,,,,,,,
1/26/2017,0.7632,,,,,,,,,,,,
1/27/2017,0.762,,,,,,,,,,,,
1/30/2017,0.7625,,,,,,,,,,,,
1/31/2017,0.7675,,,,,,,,,,,,
2/1/2017,0.7649,,,,,,,,,,,,
2/2/2017,0.7683,,,,,,,,,,,,
2/3/2017,0.7683,,,,,,,,,,,,
2/6/2017,0.7634,,,,,,,,,,,,
2/7/2017,0.7595,,,,,,,,,,,,
2/8/2017,0.7601,,,,,,,,,,,,
2/9/2017,0.7618,,,,,,,,,,,,
2/10/2017,0.7643,,,,,,,,,,,,
2/13/2017,0.7644,,,,,,,,,,,,
2/14/2017,0.7651,,,,,,,,,,,,
2/15/2017,0.7641,,,,,,,,,,,,
2/16/2017,0.766,,,,,,,,,,,,
2/17/2017,0.7632,,,,,,,,,,,,
2/21/2017,0.7606,,,,,,,,,,,,
2/22/2017,0.7587,,,,,,,,,,,,
2/23/2017,0.7628,,,,,,,,,,,,
2/24/2017,0.7637,,,,,,,,,,,,
2/27/2017,0.7623,,,,,,,,,,,,
2/28/2017,0.7548,,,,,,,,,,,,
3/1/2017,0.7497,,,,,,,,,,,,
3/2/2017,0.747,,,,,,,,,,,,
3/3/2017,0.746,,,,,,,,,,,,
3/6/2017,0.746,,,,,,,,,,,,
3/7/2017,0.7453,,,,,,,,,,,,
3/8/2017,0.7421,,,,,,,,,,,,
3/9/2017,0.74,,,,,,,,,,,,
3/10/2017,0.7427,,,,,,,,,,,,
3/13/2017,0.7437,,,,,,,,,,,,
3/14/2017,0.7416,,,,,,,,,,,,
3/15/2017,0.7447,,,,,,,,,,,,
3/16/2017,0.7508,,,,,,,,,,,,
3/17/2017,0.7498,,,,,,,,,,,,
3/20/2017,0.7486,,,,,,,,,,,,
3/21/2017,0.7509,,,,,,,,,,,,
3/22/2017,0.7485,,,,,,,,,,,,
3/23/2017,0.7499,,,,,,,,,,,,
3/24/2017,0.7477,,,,,,,,,,,,
3/27/2017,0.7478,,,,,,,,,,,,
3/28/2017,0.7477,,,,,,,,,,,,
3/29/2017,0.7483,,,,,,,,,,,,
3/30/2017,0.7517,,,,,,,,,,,,
3/31/2017,0.7513,,,,,,,,,,,,
4/3/2017,0.7472,,,,,,,,,,,,
4/4/2017,0.7449,,,,,,,,,,,,
4/5/2017,0.7458,,,,,,,,,,,,
4/6/2017,0.7453,,,,,,,,,,,,
4/7/2017,0.7465,,,,,,,,,,,,
4/10/2017,0.7491,,,,,,,,,,,,
4/11/2017,0.7501,,,,,,,,,,,,
4/12/2017,0.7519,,,,,,,,,,,,
4/13/2017,0.7533,,,,,,,,,,,,
4/17/2017,0.7525,,,,,,,,,,,,
4/18/2017,0.7476,,,,,,,,,,,,
4/19/2017,0.7429,,,,,,,,,,,,
4/20/2017,0.7417,,,,,,,,,,,,
4/21/2017,0.7404,,,,,,,,,,,,
4/24/2017,0.7412,,,,,,,,,,,,
4/25/2017,0.7357,,,,,,,,,,,,
4/26/2017,0.7357,,,,,,,,,,,,
4/27/2017,0.734,,,,,,,,,,,,
4/28/2017,0.732,,,,,,,,,,,,
5/1/2017,0.7321,,,,,,,,,,,,
5/2/2017,0.7289,,,,,,,,,,,,
5/3/2017,0.7292,,,,,,,,,,,,
5/4/2017,0.7276,,,,,,,,,,,,
5/5/2017,0.7293,,,,,,,,,,,,
5/8/2017,0.7297,,,,,,,,,,,,
5/9/2017,0.7284,,,,,,,,,,,,
5/10/2017,0.7314,,,,,,,,,,,,
5/11/2017,0.7296,,,,,,,,,,,,
5/12/2017,0.7292,,,,,,,,,,,,
5/15/2017,0.7331,,,,,,,,,,,,
5/16/2017,0.7355,,,,,,,,,,,,
5/17/2017,0.7345,,,,,,,,,,,,
5/18/2017,0.7347,,,,,,,,,,,,
5/19/2017,0.7383,,,,,,,,,,,,
5/23/2017,0.7413,,,,,,,,,,,,
5/24/2017,0.7429,,,,,,,,,,,,
5/25/2017,0.7433,,,,,,,,,,,,
5/26/2017,0.7432,,,,,,,,,,,,
5/29/2017,0.7437,,,,,,,,,,,,
5/30/2017,0.7424,,,,,,,,,,,,
5/31/2017,0.7407,,,,,,,,,,,,
6/1/2017,0.7407,,,,,,,,,,,,
6/2/2017,0.7405,,,,,,,,,,,,
6/5/2017,0.7417,,,,,,,,,,,,
6/6/2017,0.7429,,,,,,,,,,,,
6/7/2017,0.7412,,,,,,,,,,,,
6/8/2017,0.7406,,,,,,,,,,,,
6/9/2017,0.7433,,,,,,,,,,,,
6/12/2017,0.7454,,,,,,,,,,,,
6/13/2017,0.7554,,,,,,,,,,,,
6/14/2017,0.7571,,,,,,,,,,,,
6/15/2017,0.7528,,,,,,,,,,,,
6/16/2017,0.7557,,,,,,,,,,,,
6/19/2017,0.7564,,,,,,,,,,,,
6/20/2017,0.7537,,,,,,,,,,,,
6/21/2017,0.7513,,,,,,,,,,,,
6/22/2017,0.7552,,,,,,,,,,,,
6/23/2017,0.7537,,,,,,,,,,,,
6/26/2017,0.7554,,,,,,,,,,,,
6/27/2017,0.7583,,,,,,,,,,,,
6/28/2017,0.7657,,,,,,,,,,,,
6/29/2017,0.7683,,,,,,,,,,,,
6/30/2017,0.7706,,,,,,,,,,,,
7/4/2017,0.7727,,,,,,,,,,,,
7/5/2017,0.7703,,,,,,,,,,,,
7/6/2017,0.7724,,,,,,,,,,,,
7/7/2017,0.776,,,,,,,,,,,,
7/10/2017,0.7759,,,,,,,,,,,,
7/11/2017,0.774,,,,,,,,,,,,
7/12/2017,0.7816,,,,,,,,,,,,
7/13/2017,0.7847,,,,,,,,,,,,
7/14/2017,0.7891,,,,,,,,,,,,
7/17/2017,0.7893,,,,,,,,,,,,
7/18/2017,0.7919,,,,,,,,,,,,
7/19/2017,0.794,,,,,,,,,,,,
7/20/2017,0.7946,,,,,,,,,,,,
7/21/2017,0.7969,,,,,,,,,,,,
7/24/2017,0.7992,,,,,,,,,,,,
7/25/2017,0.7996,,,,,,,,,,,,
7/26/2017,0.7997,,,,,,,,,,,,
7/27/2017,0.7987,,,,,,,,,,,,
7/28/2017,0.8034,,,,,,,,,,,,
7/31/2017,0.801,,,,,,,,,,,,
8/1/2017,0.7991,,,,,,,,,,,,
8/2/2017,0.7962,,,,,,,,,,,,
8/3/2017,0.795,,,,,,,,,,,,
8/4/2017,0.7913,,,,,,,,,,,,
8/8/2017,0.7891,,,,,,,,,,,,
8/9/2017,0.7871,,,,,,,,,,,,
8/10/2017,0.7867,,,,,,,,,,,,
8/11/2017,0.7883,,,,,,,,,,,,
8/14/2017,0.7871,,,,,,,,,,,,
8/15/2017,0.784,,,,,,,,,,,,
8/16/2017,0.7875,,,,,,,,,,,,
8/17/2017,0.7907,,,,,,,,,,,,
8/18/2017,0.7945,,,,,,,,,,,,
8/21/2017,0.7952,,,,,,,,,,,,
8/22/2017,0.7967,,,,,,,,,,,,
8/23/2017,0.7959,,,,,,,,,,,,
8/24/2017,0.7981,,,,,,,,,,,,
8/25/2017,0.8005,,,,,,,,,,,,
8/28/2017,0.8012,,,,,,,,,,,,
8/29/2017,0.799,,,,,,,,,,,,
8/30/2017,0.7933,,,,,,,,,,,,
8/31/2017,0.7977,,,,,,,,,,,,
9/1/2017,0.8071,,,,,,,,,,,,
9/5/2017,0.8083,,,,,,,,,,,,
9/6/2017,0.8154,,,,,,,,,,,,
9/7/2017,0.8232,,,,,,,,,,,,
9/8/2017,0.8243,,,,,,,,,,,,
9/11/2017,0.8245,,,,,,,,,,,,
9/12/2017,0.8224,,,,,,,,,,,,
9/13/2017,0.8205,,,,,,,,,,,,
9/14/2017,0.8198,,,,,,,,,,,,
9/15/2017,0.8209,,,,,,,,,,,,
9/18/2017,0.8171,,,,,,,,,,,,
9/19/2017,0.8145,,,,,,,,,,,,
9/20/2017,0.8148,,,,,,,,,,,,
9/21/2017,0.8104,,,,,,,,,,,,
9/22/2017,0.8119,,,,,,,,,,,,
9/25/2017,0.8103,,,,,,,,,,,,
9/26/2017,0.8084,,,,,,,,,,,,
9/27/2017,0.8057,,,,,,,,,,,,
9/28/2017,0.8032,,,,,,,,,,,,
9/29/2017,0.8013,,,,,,,,,,,,
10/2/2017,0.7997,,,,,,,,,,,,
10/3/2017,0.8,,,,,,,,,,,,
10/4/2017,0.8013,,,,,,,,,,,,
10/5/2017,0.7969,,,,,,,,,,,,
10/6/2017,0.7969,,,,,,,,,,,,
10/10/2017,0.7999,,,,,,,,,,,,
10/11/2017,0.8001,,,,,,,,,,,,
10/12/2017,0.8018,,,,,,,,,,,,
10/13/2017,0.8008,,,,,,,,,,,,
10/16/2017,0.7981,,,,,,,,,,,,
10/17/2017,0.7969,,,,,,,,,,,,
10/18/2017,0.8009,,,,,,,,,,,,
10/19/2017,0.8014,,,,,,,,,,,,
10/20/2017,0.7936,,,,,,,,,,,,
10/23/2017,0.7909,,,,,,,,,,,,
10/24/2017,0.7895,,,,,,,,,,,,
10/25/2017,0.783,,,,,,,,,,,,
10/26/2017,0.7794,,,,,,,,,,,,
10/27/2017,0.7768,,,,,,,,,,,,
10/30/2017,0.779,,,,,,,,,,,,
10/31/2017,0.7756,,,,,,,,,,,,
11/1/2017,0.7761,,,,,,,,,,,,
11/2/2017,0.7799,,,,,,,,,,,,
11/3/2017,0.7835,,,,,,,,,,,,
11/6/2017,0.7846,,,,,,,,,,,,
11/7/2017,0.7822,,,,,,,,,,,,
11/8/2017,0.7856,,,,,,,,,,,,
11/9/2017,0.7879,,,,,,,,,,,,
11/10/2017,0.7885,,,,,,,,,,,,
11/14/2017,0.7854,,,,,,,,,,,,
11/15/2017,0.7829,,,,,,,,,,,,
11/16/2017,0.7846,,,,,,,,,,,,
11/17/2017,0.7823,,,,,,,,,,,,
11/20/2017,0.7817,,,,,,,,,,,,
11/21/2017,0.7826,,,,,,,,,,,,
11/22/2017,0.7856,,,,,,,,,,,,
11/23/2017,0.7865,,,,,,,,,,,,
11/24/2017,0.7869,,,,,,,,,,,,
11/27/2017,0.7852,,,,,,,,,,,,
11/28/2017,0.7808,,,,,,,,,,,,
11/29/2017,0.778,,,,,,,,,,,,
11/30/2017,0.7759,,,,,,,,,,,,
12/1/2017,0.7856,,,,,,,,,,,,
12/4/2017,0.7877,,,,,,,,,,,,
12/5/2017,0.7886,,,,,,,,,,,,
12/6/2017,0.7839,,,,,,,,,,,,
12/7/2017,0.7786,,,,,,,,,,,,
12/8/2017,0.7776,,,,,,,,,,,,
12/11/2017,0.778,,,,,,,,,,,,
12/12/2017,0.7769,,,,,,,,,,,,
12/13/2017,0.7781,,,,,,,,,,,,
12/14/2017,0.7809,,,,,,,,,,,,
12/15/2017,0.7792,,,,,,,,,,,,
12/18/2017,0.7773,,,,,,,,,,,,
12/19/2017,0.776,,,,,,,,,,,,
12/20/2017,0.7787,,,,,,,,,,,,
12/21/2017,0.7853,,,,,,,,,,,,
12/22/2017,0.7838,,,,,,,,,,,,
12/27/2017,0.7911,,,,,,,,,,,,
12/28/2017,0.7944,,,,,,,,,,,,
12/29/2017,0.7971,,,,,,,,,,,,
1/2/2018,0.7989,,,,,,,,,,,,
1/3/2018,0.7979,,,,,,,,,,,,
1/4/2018,0.799,,,,,,,,,,,,
1/5/2018,0.8063,,,,,,,,,,,,
1/8/2018,0.805,,,,,,,,,,,,
1/9/2018,0.803,,,,,,,,,,,,
1/10/2018,0.8003,,,,,,,,,,,,
1/11/2018,0.7978,,,,,,,,,,,,
1/12/2018,0.7997,,,,,,,,,,,,
1/15/2018,0.805,,,,,,,,,,,,
1/16/2018,0.8052,,,,,,,,,,,,
1/17/2018,0.8048,,,,,,,,,,,,
1/18/2018,0.8035,,,,,,,,,,,,
1/19/2018,0.8026,,,,,,,,,,,,
1/22/2018,0.8027,,,,,,,,,,,,
1/23/2018,0.803,,,,,,,,,,,,
1/24/2018,0.8103,,,,,,,,,,,,
1/25/2018,0.8115,,,,,,,,,,,,
1/26/2018,0.8116,,,,,,,,,,,,
1/29/2018,0.8107,,,,,,,,,,,,
1/30/2018,0.8112,,,,,,,,,,,,
1/31/2018,0.8135,,,,,,,,,,,,
2/1/2018,0.8138,,,,,,,,,,,,
2/2/2018,0.8078,,,,,,,,,,,,
2/5/2018,0.8011,,,,,,,,,,,,
2/6/2018,0.7981,,,,,,,,,,,,
2/7/2018,0.7971,,,,,,,,,,,,
2/8/2018,0.7946,,,,,,,,,,,,
2/9/2018,0.7931,,,,,,,,,,,,
2/12/2018,0.7935,,,,,,,,,,,,
2/13/2018,0.7937,,,,,,,,,,,,
2/14/2018,0.7961,,,,,,,,,,,,
2/15/2018,0.7996,,,,,,,,,,,,
2/16/2018,0.7974,,,,,,,,,,,,
2/20/2018,0.7923,,,,,,,,,,,,
2/21/2018,0.7892,,,,,,,,,,,,
2/22/2018,0.7868,,,,,,,,,,,,
2/23/2018,0.7894,,,,,,,,,,,,
2/26/2018,0.7883,,,,,,,,,,,,
2/27/2018,0.7849,,,,,,,,,,,,
2/28/2018,0.7807,,,,,,,,,,,,
3/1/2018,0.7781,,,,,,,,,,,,
3/2/2018,0.7757,,,,,,,,,,,,
3/5/2018,0.7706,,,,,,,,,,,,
3/6/2018,0.7753,,,,,,,,,,,,
3/7/2018,0.7724,,,,,,,,,,,,
3/8/2018,0.7736,,,,,,,,,,,,
3/9/2018,0.7788,,,,,,,,,,,,
3/12/2018,0.7794,,,,,,,,,,,,
3/13/2018,0.7745,,,,,,,,,,,,
3/14/2018,0.7726,,,,,,,,,,,,
3/15/2018,0.7673,,,,,,,,,,,,
3/16/2018,0.7641,,,,,,,,,,,,
3/19/2018,0.7646,,,,,,,,,,,,
3/20/2018,0.7647,,,,,,,,,,,,
3/21/2018,0.7717,,,,,,,,,,,,
3/22/2018,0.7747,,,,,,,,,,,,
3/23/2018,0.7778,,,,,,,,,,,,
3/26/2018,0.776,,,,,,,,,,,,
3/27/2018,0.7771,,,,,,,,,,,,
3/28/2018,0.7751,,,,,,,,,,,,
3/29/2018,0.7756,,,,,,,,,,,,
4/2/2018,0.7747,,,,,,,,,,,,
4/3/2018,0.7805,,,,,,,,,,,,
4/4/2018,0.7807,,,,,,,,,,,,
4/5/2018,0.7827,,,,,,,,,,,,
4/6/2018,0.7835,,,,,,,,,,,,
4/9/2018,0.7856,,,,,,,,,,,,
4/10/2018,0.7925,,,,,,,,,,,,
4/11/2018,0.7947,,,,,,,,,,,,
4/12/2018,0.7939,,,,,,,,,,,,
4/13/2018,0.7938,,,,,,,,,,,,
4/16/2018,0.795,,,,,,,,,,,,
4/17/2018,0.7967,,,,,,,,,,,,
4/18/2018,0.7928,,,,,,,,,,,,
4/19/2018,0.7916,,,,,,,,,,,,
4/20/2018,0.7857,,,,,,,,,,,,
4/23/2018,0.7792,,,,,,,,,,,,
4/24/2018,0.7795,,,,,,,,,,,,
4/25/2018,0.7771,,,,,,,,,,,,
4/26/2018,0.7775,,,,,,,,,,,,
4/27/2018,0.7778,,,,,,,,,,,,
4/30/2018,0.7791,,,,,,,,,,,,
5/1/2018,0.7772,,,,,,,,,,,,
5/2/2018,0.7781,,,,,,,,,,,,
5/3/2018,0.7775,,,,,,,,,,,,
5/4/2018,0.7775,,,,,,,,,,,,
5/7/2018,0.7774,,,,,,,,,,,,
5/8/2018,0.7714,,,,,,,,,,,,
5/9/2018,0.7778,,,,,,,,,,,,
5/10/2018,0.7828,,,,,,,,,,,,
5/11/2018,0.7825,,,,,,,,,,,,
5/14/2018,0.7828,,,,,,,,,,,,
5/15/2018,0.7766,,,,,,,,,,,,
5/16/2018,0.7807,,,,,,,,,,,,
5/17/2018,0.7812,,,,,,,,,,,,
5/18/2018,0.7764,,,,,,,,,,,,
5/22/2018,0.7821,,,,,,,,,,,,
5/23/2018,0.7766,,,,,,,,,,,,
5/24/2018,0.7757,,,,,,,,,,,,
5/25/2018,0.7708,,,,,,,,,,,,
5/28/2018,0.7692,,,,,,,,,,,,
5/29/2018,0.768,,,,,,,,,,,,
5/30/2018,0.7754,,,,,,,,,,,,
5/31/2018,0.7723,,,,,,,,,,,,
6/1/2018,0.7714,,,,,,,,,,,,
6/4/2018,0.7735,,,,,,,,,,,,
6/5/2018,0.7696,,,,,,,,,,,,
6/6/2018,0.7744,,,,,,,,,,,,
6/7/2018,0.7709,,,,,,,,,,,,
6/8/2018,0.7715,,,,,,,,,,,,
6/11/2018,0.7696,,,,,,,,,,,,
6/12/2018,0.769,,,,,,,,,,,,
6/13/2018,0.7699,,,,,,,,,,,,
6/14/2018,0.7662,,,,,,,,,,,,
6/15/2018,0.7589,,,,,,,,,,,,
6/18/2018,0.7571,,,,,,,,,,,,
6/19/2018,0.7532,,,,,,,,,,,,
6/20/2018,0.7518,,,,,,,,,,,,
6/21/2018,0.7513,,,,,,,,,,,,
6/22/2018,0.7514,,,,,,,,,,,,
6/25/2018,0.7517,,,,,,,,,,,,
6/26/2018,0.7515,,,,,,,,,,,,
6/27/2018,0.7515,,,,,,,,,,,,
6/28/2018,0.7537,,,,,,,,,,,,
6/29/2018,0.7594,,,,,,,,,,,,
7/3/2018,0.7602,,,,,,,,,,,,
7/4/2018,0.7609,,,,,,,,,,,,
7/5/2018,0.7617,,,,,,,,,,,,
7/6/2018,0.7631,,,,,,,,,,,,
7/9/2018,0.7635,,,,,,,,,,,,
7/10/2018,0.7619,,,,,,,,,,,,
7/11/2018,0.7604,,,,,,,,,,,,
7/12/2018,0.7595,,,,,,,,,,,,
7/13/2018,0.7592,,,,,,,,,,,,
7/16/2018,0.7612,,,,,,,,,,,,
7/17/2018,0.7583,,,,,,,,,,,,
7/18/2018,0.7573,,,,,,,,,,,,
7/19/2018,0.7544,,,,,,,,,,,,
7/20/2018,0.7609,,,,,,,,,,,,
7/23/2018,0.7601,,,,,,,,,,,,
7/24/2018,0.7601,,,,,,,,,,,,
7/25/2018,0.7641,,,,,,,,,,,,
7/26/2018,0.7654,,,,,,,,,,,,
7/27/2018,0.7656,,,,,,,,,,,,
7/30/2018,0.768,,,,,,,,,,,,
7/31/2018,0.7682,,,,,,,,,,,,
8/1/2018,0.7691,,,,,,,,,,,,
8/2/2018,0.7684,,,,,,,,,,,,
8/3/2018,0.7702,,,,,,,,,,,,
8/7/2018,0.7679,,,,,,,,,,,,
8/8/2018,0.7662,,,,,,,,,,,,
8/9/2018,0.7669,,,,,,,,,,,,
8/10/2018,0.7626,,,,,,,,,,,,
8/13/2018,0.7613,,,,,,,,,,,,
8/14/2018,0.7641,,,,,,,,,,,,
8/15/2018,0.7612,,,,,,,,,,,,
8/16/2018,0.7603,,,,,,,,,,,,
8/17/2018,0.7645,,,,,,,,,,,,
8/20/2018,0.7654,,,,,,,,,,,,
8/21/2018,0.7671,,,,,,,,,,,,
8/22/2018,0.7683,,,,,,,,,,,,
8/23/2018,0.7655,,,,,,,,,,,,
8/24/2018,0.7671,,,,,,,,,,,,
8/27/2018,0.7701,,,,,,,,,,,,
8/28/2018,0.7742,,,,,,,,,,,,
8/29/2018,0.7733,,,,,,,,,,,,
8/30/2018,0.7704,,,,,,,,,,,,
8/31/2018,0.766,,,,,,,,,,,,
9/4/2018,0.7586,,,,,,,,,,,,
9/5/2018,0.7584,,,,,,,,,,,,
9/6/2018,0.7583,,,,,,,,,,,,
9/7/2018,0.7596,,,,,,,,,,,,
9/10/2018,0.7597,,,,,,,,,,,,
9/11/2018,0.761,,,,,,,,,,,,
9/12/2018,0.7684,,,,,,,,,,,,
9/13/2018,0.7694,,,,,,,,,,,,
9/14/2018,0.7673,,,,,,,,,,,,
9/17/2018,0.7681,,,,,,,,,,,,
9/18/2018,0.7697,,,,,,,,,,,,
9/19/2018,0.7724,,,,,,,,,,,,
9/20/2018,0.7749,,,,,,,,,,,,
9/21/2018,0.7742,,,,,,,,,,,,
9/24/2018,0.7731,,,,,,,,,,,,
9/25/2018,0.7723,,,,,,,,,,,,
9/26/2018,0.7707,,,,,,,,,,,,
9/27/2018,0.7666,,,,,,,,,,,,
9/28/2018,0.7725,,,,,,,,,,,,
10/1/2018,0.7811,,,,,,,,,,,,
10/2/2018,0.7802,,,,,,,,,,,,
10/3/2018,0.7793,,,,,,,,,,,,
10/4/2018,0.7752,,,,,,,,,,,,
10/5/2018,0.773,,,,,,,,,,,,
10/9/2018,0.7713,,,,,,,,,,,,
10/10/2018,0.7697,,,,,,,,,,,,
10/11/2018,0.767,,,,,,,,,,,,
10/12/2018,0.7674,,,,,,,,,,,,
10/15/2018,0.7696,,,,,,,,,,,,
10/16/2018,0.7729,,,,,,,,,,,,
10/17/2018,0.7696,,,,,,,,,,,,
10/18/2018,0.7659,,,,,,,,,,,,
10/19/2018,0.7631,,,,,,,,,,,,
10/22/2018,0.7631,,,,,,,,,,,,
10/23/2018,0.7635,,,,,,,,,,,,
10/24/2018,0.7675,,,,,,,,,,,,
10/25/2018,0.7648,,,,,,,,,,,,
10/26/2018,0.7629,,,,,,,,,,,,
10/29/2018,0.7623,,,,,,,,,,,,
10/30/2018,0.7614,,,,,,,,,,,,
10/31/2018,0.7609,,,,,,,,,,,,
11/1/2018,0.7641,,,,,,,,,,,,
11/2/2018,0.7631,,,,,,,,,,,,
11/5/2018,0.7636,,,,,,,,,,,,
11/6/2018,0.7616,,,,,,,,,,,,
11/7/2018,0.7636,,,,,,,,,,,,
11/8/2018,0.7625,,,,,,,,,,,,
11/9/2018,0.7572,,,,,,,,,,,,
11/13/2018,0.7552,,,,,,,,,,,,
11/14/2018,0.7556,,,,,,,,,,,,
11/15/2018,0.7575,,,,,,,,,,,,
11/16/2018,0.7602,,,,,,,,,,,,
11/19/2018,0.7586,,,,,,,,,,,,
11/20/2018,0.7542,,,,,,,,,,,,
11/21/2018,0.7536,,,,,,,,,,,,
11/22/2018,0.7573,,,,,,,,,,,,
11/23/2018,0.756,,,,,,,,,,,,
11/26/2018,0.7559,,,,,,,,,,,,
11/27/2018,0.7525,,,,,,,,,,,,
11/28/2018,0.7518,,,,,,,,,,,,
11/29/2018,0.7533,,,,,,,,,,,,
11/30/2018,0.7518,,,,,,,,,,,,
12/3/2018,0.7581,,,,,,,,,,,,
12/4/2018,0.7565,,,,,,,,,,,,
12/5/2018,0.7489,,,,,,,,,,,,
12/6/2018,0.746,,,,,,,,,,,,
12/7/2018,0.7519,,,,,,,,,,,,
12/10/2018,0.7474,,,,,,,,,,,,
12/11/2018,0.7462,,,,,,,,,,,,
12/12/2018,0.7493,,,,,,,,,,,,
12/13/2018,0.7486,,,,,,,,,,,,
12/14/2018,0.7474,,,,,,,,,,,,
12/17/2018,0.7463,,,,,,,,,,,,
12/18/2018,0.7433,,,,,,,,,,,,
12/19/2018,0.7435,,,,,,,,,,,,
12/20/2018,0.741,,,,,,,,,,,,
12/21/2018,0.7371,,,,,,,,,,,,
12/24/2018,0.7359,,,,,,,,,,,,
12/27/2018,0.7331,,,,,,,,,,,,
12/28/2018,0.7332,,,,,,,,,,,,
12/31/2018,0.733,,,,,,,,,,,,
1/2/2019,0.7353,,,,,,,,,,,,
1/3/2019,0.7407,,,,,,,,,,,,
1/4/2019,0.7457,,,,,,,,,,,,
1/7/2019,0.7511,,,,,,,,,,,,
1/8/2019,0.7523,,,,,,,,,,,,
1/9/2019,0.7564,,,,,,,,,,,,
1/10/2019,0.7556,,,,,,,,,,,,
1/11/2019,0.7542,,,,,,,,,,,,
1/14/2019,0.7536,,,,,,,,,,,,
1/15/2019,0.7538,,,,,,,,,,,,
1/16/2019,0.7548,,,,,,,,,,,,
1/17/2019,0.7522,,,,,,,,,,,,
1/18/2019,0.7541,,,,,,,,,,,,
1/21/2019,0.752,,,,,,,,,,,,
1/22/2019,0.7496,,,,,,,,,,,,
1/23/2019,0.7492,,,,,,,,,,,,
1/24/2019,0.749,,,,,,,,,,,,
1/25/2019,0.7544,,,,,,,,,,,,
1/28/2019,0.7541,,,,,,,,,,,,
1/29/2019,0.7538,,,,,,,,,,,,
1/30/2019,0.758,,,,,,,,,,,,
1/31/2019,0.7608,,,,,,,,,,,,
2/1/2019,0.7637,,,,,,,,,,,,
2/4/2019,0.7618,,,,,,,,,,,,
2/5/2019,0.7614,,,,,,,,,,,,
2/6/2019,0.7582,,,,,,,,,,,,
2/7/2019,0.7527,,,,,,,,,,,,
2/8/2019,0.7536,,,,,,,,,,,,
2/11/2019,0.7522,,,,,,,,,,,,
2/12/2019,0.7548,,,,,,,,,,,,
2/13/2019,0.7553,,,,,,,,,,,,
2/14/2019,0.752,,,,,,,,,,,,
2/15/2019,0.7538,,,,,,,,,,,,
2/19/2019,0.7554,,,,,,,,,,,,
2/20/2019,0.7594,,,,,,,,,,,,
2/21/2019,0.7578,,,,,,,,,,,,
2/22/2019,0.7591,,,,,,,,,,,,
2/25/2019,0.7591,,,,,,,,,,,,
2/26/2019,0.7579,,,,,,,,,,,,
2/27/2019,0.7607,,,,,,,,,,,,
2/28/2019,0.7594,,,,,,,,,,,,
3/1/2019,0.7541,,,,,,,,,,,,
3/4/2019,0.7509,,,,,,,,,,,,
3/5/2019,0.7493,,,,,,,,,,,,
3/6/2019,0.7452,,,,,,,,,,,,
3/7/2019,0.7442,,,,,,,,,,,,
3/8/2019,0.745,,,,,,,,,,,,
3/11/2019,0.7455,,,,,,,,,,,,
3/12/2019,0.7475,,,,,,,,,,,,
3/13/2019,0.7504,,,,,,,,,,,,
3/14/2019,0.7504,,,,,,,,,,,,
3/15/2019,0.7495,,,,,,,,,,,,
3/18/2019,0.7493,,,,,,,,,,,,
3/19/2019,0.7523,,,,,,,,,,,,
3/20/2019,0.7509,,,,,,,,,,,,
3/21/2019,0.7482,,,,,,,,,,,,
3/22/2019,0.7457,,,,,,,,,,,,
3/25/2019,0.7452,,,,,,,,,,,,
3/26/2019,0.747,,,,,,,,,,,,
3/27/2019,0.7455,,,,,,,,,,,,
3/28/2019,0.7447,,,,,,,,,,,,
3/29/2019,0.7483,,,,,,,,,,,,
4/1/2019,0.7498,,,,,,,,,,,,
4/2/2019,0.7494,,,,,,,,,,,,
4/3/2019,0.7505,,,,,,,,,,,,
4/4/2019,0.7487,,,,,,,,,,,,
4/5/2019,0.747,,,,,,,,,,,,
4/8/2019,0.7505,,,,,,,,,,,,
4/9/2019,0.751,,,,,,,,,,,,
4/10/2019,0.7504,,,,,,,,,,,,
4/11/2019,0.7475,,,,,,,,,,,,
4/12/2019,0.7502,,,,,,,,,,,,
4/15/2019,0.7488,,,,,,,,,,,,
4/16/2019,0.7484,,,,,,,,,,,,
4/17/2019,0.7501,,,,,,,,,,,,
4/18/2019,0.7473,,,,,,,,,,,,
4/22/2019,0.7489,,,,,,,,,,,,
4/23/2019,0.7451,,,,,,,,,,,,
4/24/2019,0.7421,,,,,,,,,,,,
4/25/2019,0.7411,,,,,,,,,,,,
4/26/2019,0.7429,,,,,,,,,,,,
4/29/2019,0.7432,,,,,,,,,,,,
4/30/2019,0.745,,,,,,,,,,,,
5/1/2019,0.7454,,,,,,,,,,,,
5/2/2019,0.7428,,,,,,,,,,,,
5/3/2019,0.7447,,,,,,,,,,,,
5/6/2019,0.7432,,,,,,,,,,,,
5/7/2019,0.7421,,,,,,,,,,,,
5/8/2019,0.7426,,,,,,,,,,,,
5/9/2019,0.7417,,,,,,,,,,,,
5/10/2019,0.7453,,,,,,,,,,,,
5/13/2019,0.7431,,,,,,,,,,,,
5/14/2019,0.7424,,,,,,,,,,,,
5/15/2019,0.7434,,,,,,,,,,,,
5/16/2019,0.7441,,,,,,,,,,,,
5/17/2019,0.7425,,,,,,,,,,,,
5/21/2019,0.7455,,,,,,,,,,,,
5/22/2019,0.7457,,,,,,,,,,,,
5/23/2019,0.7419,,,,,,,,,,,,
5/24/2019,0.7437,,,,,,,,,,,,
5/27/2019,0.7439,,,,,,,,,,,,
5/28/2019,0.742,,,,,,,,,,,,
5/29/2019,0.74,,,,,,,,,,,,
5/30/2019,0.7407,,,,,,,,,,,,
5/31/2019,0.7393,,,,,,,,,,,,
6/3/2019,0.7424,,,,,,,,,,,,
6/4/2019,0.7455,,,,,,,,,,,,
6/5/2019,0.7462,,,,,,,,,,,,
6/6/2019,0.7475,,,,,,,,,,,,
6/7/2019,0.7528,,,,,,,,,,,,
6/10/2019,0.7537,,,,,,,,,,,,
6/11/2019,0.7531,,,,,,,,,,,,
6/12/2019,0.7517,,,,,,,,,,,,
6/13/2019,0.7505,,,,,,,,,,,,
6/14/2019,0.7471,,,,,,,,,,,,
6/17/2019,0.7459,,,,,,,,,,,,
6/18/2019,0.7466,,,,,,,,,,,,
6/19/2019,0.7495,,,,,,,,,,,,
6/20/2019,0.7581,,,,,,,,,,,,
6/21/2019,0.7569,,,,,,,,,,,,
6/24/2019,0.7579,,,,,,,,,,,,
6/25/2019,0.7591,,,,,,,,,,,,
6/26/2019,0.7616,,,,,,,,,,,,
6/27/2019,0.7627,,,,,,,,,,,,
6/28/2019,0.7641,,,,,,,,,,,,
7/2/2019,0.7625,,,,,,,,,,,,
7/3/2019,0.7649,,,,,,,,,,,,
7/4/2019,0.7658,,,,,,,,,,,,
7/5/2019,0.7634,,,,,,,,,,,,
7/8/2019,0.7645,,,,,,,,,,,,
7/9/2019,0.7618,,,,,,,,,,,,
7/10/2019,0.7638,,,,,,,,,,,,
7/11/2019,0.7651,,,,,,,,,,,,
7/12/2019,0.767,,,,,,,,,,,,
7/15/2019,0.7669,,,,,,,,,,,,
7/16/2019,0.7662,,,,,,,,,,,,
7/17/2019,0.7661,,,,,,,,,,,,
7/18/2019,0.7652,,,,,,,,,,,,
7/19/2019,0.7651,,,,,,,,,,,,
7/22/2019,0.7632,,,,,,,,,,,,
7/23/2019,0.7609,,,,,,,,,,,,
7/24/2019,0.7612,,,,,,,,,,,,
7/25/2019,0.7607,,,,,,,,,,,,
7/26/2019,0.7586,,,,,,,,,,,,
7/29/2019,0.7599,,,,,,,,,,,,
7/30/2019,0.7594,,,,,,,,,,,,
7/31/2019,0.7606,,,,,,,,,,,,
8/1/2019,0.7566,,,,,,,,,,,,
8/2/2019,0.7561,,,,,,,,,,,,
8/6/2019,0.7545,,,,,,,,,,,,
8/7/2019,0.7506,,,,,,,,,,,,
8/8/2019,0.7543,,,,,,,,,,,,
8/9/2019,0.7564,,,,,,,,,,,,
8/12/2019,0.7556,,,,,,,,,,,,
8/13/2019,0.7555,,,,,,,,,,,,
8/14/2019,0.7513,,,,,,,,,,,,
8/15/2019,0.7505,,,,,,,,,,,,
8/16/2019,0.7527,,,,,,,,,,,,
8/19/2019,0.752,,,,,,,,,,,,
8/20/2019,0.7506,,,,,,,,,,,,
8/21/2019,0.7531,,,,,,,,,,,,
8/22/2019,0.7523,,,,,,,,,,,,
8/23/2019,0.7513,,,,,,,,,,,,
8/26/2019,0.7531,,,,,,,,,,,,
8/27/2019,0.7537,,,,,,,,,,,,
8/28/2019,0.7518,,,,,,,,,,,,
8/29/2019,0.7521,,,,,,,,,,,,
8/30/2019,0.7522,,,,,,,,,,,,
9/3/2019,0.7495,,,,,,,,,,,,
9/4/2019,0.754,,,,,,,,,,,,
9/5/2019,0.756,,,,,,,,,,,,
9/6/2019,0.7591,,,,,,,,,,,,
9/9/2019,0.7602,,,,,,,,,,,,
9/10/2019,0.7603,,,,,,,,,,,,
9/11/2019,0.7587,,,,,,,,,,,,
9/12/2019,0.7573,,,,,,,,,,,,
9/13/2019,0.7543,,,,,,,,,,,,
9/16/2019,0.7548,,,,,,,,,,,,
9/17/2019,0.7543,,,,,,,,,,,,
9/18/2019,0.7535,,,,,,,,,,,,
9/19/2019,0.7542,,,,,,,,,,,,
9/20/2019,0.7533,,,,,,,,,,,,
9/23/2019,0.7536,,,,,,,,,,,,
9/24/2019,0.7548,,,,,,,,,,,,
9/25/2019,0.7536,,,,,,,,,,,,
9/26/2019,0.7541,,,,,,,,,,,,
9/27/2019,0.7548,,,,,,,,,,,,
9/30/2019,0.7551,,,,,,,,,,,,
10/1/2019,0.7551,,,,,,,,,,,,
10/2/2019,0.7522,,,,,,,,,,,,
10/3/2019,0.7502,,,,,,,,,,,,
10/4/2019,0.7509,,,,,,,,,,,,
10/7/2019,0.7515,,,,,,,,,,,,
10/8/2019,0.7506,,,,,,,,,,,,
10/9/2019,0.7505,,,,,,,,,,,,
10/10/2019,0.7522,,,,,,,,,,,,
10/11/2019,0.7577,,,,,,,,,,,,
10/15/2019,0.7569,,,,,,,,,,,,
10/16/2019,0.7575,,,,,,,,,,,,
10/17/2019,0.7609,,,,,,,,,,,,
10/18/2019,0.7615,,,,,,,,,,,,
10/21/2019,0.7636,,,,,,,,,,,,
10/22/2019,0.7637,,,,,,,,,,,,
10/23/2019,0.7642,,,,,,,,,,,,
10/24/2019,0.7648,,,,,,,,,,,,
10/25/2019,0.7655,,,,,,,,,,,,
10/28/2019,0.7659,,,,,,,,,,,,
10/29/2019,0.7648,,,,,,,,,,,,
10/30/2019,0.7603,,,,,,,,,,,,
10/31/2019,0.7599,,,,,,,,,,,,
11/1/2019,0.7601,,,,,,,,,,,,
11/4/2019,0.7606,,,,,,,,,,,,
11/5/2019,0.7603,,,,,,,,,,,,
11/6/2019,0.7588,,,,,,,,,,,,
11/7/2019,0.759,,,,,,,,,,,,
11/8/2019,0.7563,,,,,,,,,,,,
11/12/2019,0.756,,,,,,,,,,,,
11/13/2019,0.7548,,,,,,,,,,,,
11/14/2019,0.7543,,,,,,,,,,,,
11/15/2019,0.7558,,,,,,,,,,,,
11/18/2019,0.7568,,,,,,,,,,,,
11/19/2019,0.7555,,,,,,,,,,,,
11/20/2019,0.7517,,,,,,,,,,,,
11/21/2019,0.7527,,,,,,,,,,,,
11/22/2019,0.7526,,,,,,,,,,,,
11/25/2019,0.7515,,,,,,,,,,,,
11/26/2019,0.7526,,,,,,,,,,,,
11/27/2019,0.7531,,,,,,,,,,,,
11/28/2019,0.7527,,,,,,,,,,,,
11/29/2019,0.7525,,,,,,,,,,,,
12/2/2019,0.752,,,,,,,,,,,,
12/3/2019,0.7518,,,,,,,,,,,,
12/4/2019,0.7563,,,,,,,,,,,,
12/5/2019,0.7591,,,,,,,,,,,,
12/6/2019,0.7544,,,,,,,,,,,,
12/9/2019,0.7556,,,,,,,,,,,,
12/10/2019,0.7557,,,,,,,,,,,,
12/11/2019,0.7575,,,,,,,,,,,,
12/12/2019,0.7586,,,,,,,,,,,,
12/13/2019,0.7586,,,,,,,,,,,,
12/16/2019,0.7609,,,,,,,,,,,,
12/17/2019,0.7599,,,,,,,,,,,,
12/18/2019,0.7623,,,,,,,,,,,,
12/19/2019,0.7621,,,,,,,,,,,,
12/20/2019,0.7596,,,,,,,,,,,,
12/23/2019,0.7599,,,,,,,,,,,,
12/24/2019,0.7601,,,,,,,,,,,,
12/27/2019,0.7646,,,,,,,,,,,,
12/30/2019,0.7658,,,,,,,,,,,,
12/31/2019,0.7699,,,,,,,,,,,,
1/2/2020,0.7697,,,,,,,,,,,,
1/3/2020,0.7699,,,,,,,,,,,,
1/6/2020,0.771,,,,,,,,,,,,
1/7/2020,0.7687,,,,,,,,,,,,
1/8/2020,0.7677,,,,,,,,,,,,
1/9/2020,0.7646,,,,,,,,,,,,
1/10/2020,0.7662,,,,,,,,,,,,
1/13/2020,0.7664,,,,,,,,,,,,
1/14/2020,0.7656,,,,,,,,,,,,
1/15/2020,0.7663,,,,,,,,,,,,
1/16/2020,0.7666,,,,,,,,,,,,
1/17/2020,0.7656,,,,,,,,,,,,
1/20/2020,0.7661,,,,,,,,,,,,
1/21/2020,0.7653,,,,,,,,,,,,
1/22/2020,0.7624,,,,,,,,,,,,
1/23/2020,0.7609,,,,,,,,,,,,
1/24/2020,0.761,,,,,,,,,,,,
1/27/2020,0.7586,,,,,,,,,,,,
1/28/2020,0.7588,,,,,,,,,,,,
1/29/2020,0.7578,,,,,,,,,,,,
1/30/2020,0.7566,,,,,,,,,,,,
1/31/2020,0.7557,,,,,,,,,,,,
2/3/2020,0.7533,,,,,,,,,,,,
2/4/2020,0.7531,,,,,,,,,,,,
2/5/2020,0.7525,,,,,,,,,,,,
2/6/2020,0.7524,,,,,,,,,,,,
2/7/2020,0.7516,,,,,,,,,,,,
2/10/2020,0.7508,,,,,,,,,,,,
2/11/2020,0.7523,,,,,,,,,,,,
2/12/2020,0.7545,,,,,,,,,,,,
2/13/2020,0.7544,,,,,,,,,,,,
2/14/2020,0.7548,,,,,,,,,,,,
2/18/2020,0.7543,,,,,,,,,,,,
2/19/2020,0.7558,,,,,,,,,,,,
2/20/2020,0.7545,,,,,,,,,,,,
2/21/2020,0.7562,,,,,,,,,,,,
2/24/2020,0.7531,,,,,,,,,,,,
2/25/2020,0.753,,,,,,,,,,,,
2/26/2020,0.7515,,,,,,,,,,,,
2/27/2020,0.7484,,,,,,,,,,,,
2/28/2020,0.7447,,,,,,,,,,,,
3/2/2020,0.7487,,,,,,,,,,,,
3/3/2020,0.7483,,,,,,,,,,,,
3/4/2020,0.7467,,,,,,,,,,,,
3/5/2020,0.7454,,,,,,,,,,,,
3/6/2020,0.7451,,,,,,,,,,,,
3/9/2020,0.7354,,,,,,,,,,,,
3/10/2020,0.7283,,,,,,,,,,,,
3/11/2020,0.7275,,,,,,,,,,,,
3/12/2020,0.7236,,,,,,,,,,,,
3/13/2020,0.7194,,,,,,,,,,,,
3/16/2020,0.7161,,,,,,,,,,,,
3/17/2020,0.7055,,,,,,,,,,,,
3/18/2020,0.6898,,,,,,,,,,,,
3/19/2020,0.6899,,,,,,,,,,,,
3/20/2020,0.6977,,,,,,,,,,,,
3/23/2020,0.6905,,,,,,,,,,,,
3/24/2020,0.6901,,,,,,,,,,,,
3/25/2020,0.6992,,,,,,,,,,,,
3/26/2020,0.7104,,,,,,,,,,,,
3/27/2020,0.7114,,,,,,,,,,,,
3/30/2020,0.7064,,,,,,,,,,,,
3/31/2020,0.7049,,,,,,,,,,,,
4/1/2020,0.7034,,,,,,,,,,,,
4/2/2020,0.7053,,,,,,,,,,,,
4/3/2020,0.7071,,,,,,,,,,,,
4/6/2020,0.7079,,,,,,,,,,,,
4/7/2020,0.715,,,,,,,,,,,,
4/8/2020,0.7126,,,,,,,,,,,,
4/9/2020,0.7151,,,,,,,,,,,,
4/13/2020,0.7176,,,,,,,,,,,,
4/14/2020,0.7192,,,,,,,,,,,,
4/15/2020,0.7099,,,,,,,,,,,,
4/16/2020,0.7081,,,,,,,,,,,,
4/17/2020,0.7124,,,,,,,,,,,,
4/20/2020,0.7099,,,,,,,,,,,,
4/21/2020,0.7041,,,,,,,,,,,,
4/22/2020,0.7065,,,,,,,,,,,,
4/23/2020,0.7111,,,,,,,,,,,,
4/24/2020,0.7097,,,,,,,,,,,,
4/27/2020,0.7116,,,,,,,,,,,,
4/28/2020,0.7154,,,,,,,,,,,,
4/29/2020,0.7183,,,,,,,,,,,,
4/30/2020,0.7189,,,,,,,,,,,,
5/1/2020,0.7109,,,,,,,,,,,,
5/4/2020,0.71,,,,,,,,,,,,
5/5/2020,0.7127,,,,,,,,,,,,
5/6/2020,0.708,,,,,,,,,,,,
5/7/2020,0.7135,,,,,,,,,,,,
5/8/2020,0.7177,,,,,,,,,,,,
5/11/2020,0.7137,,,,,,,,,,,,
5/12/2020,0.7135,,,,,,,,,,,,
5/13/2020,0.7106,,,,,,,,,,,,
5/14/2020,0.7097,,,,,,,,,,,,
5/15/2020,0.7095,,,,,,,,,,,,
5/19/2020,0.7198,,,,,,,,,,,,
5/20/2020,0.7198,,,,,,,,,,,,
5/21/2020,0.7176,,,,,,,,,,,,
5/22/2020,0.7135,,,,,,,,,,,,
5/25/2020,0.7151,,,,,,,,,,,,
5/26/2020,0.7244,,,,,,,,,,,,
5/27/2020,0.7257,,,,,,,,,,,,
5/28/2020,0.7265,,,,,,,,,,,,
5/29/2020,0.7253,,,,,,,,,,,,
6/1/2020,0.7337,,,,,,,,,,,,
6/2/2020,0.7399,,,,,,,,,,,,
6/3/2020,0.7405,,,,,,,,,,,,
6/4/2020,0.7403,,,,,,,,,,,,
6/5/2020,0.7447,,,,,,,,,,,,
6/8/2020,0.7472,,,,,,,,,,,,
6/9/2020,0.745,,,,,,,,,,,,
6/10/2020,0.7468,,,,,,,,,,,,
6/11/2020,0.7378,,,,,,,,,,,,
6/12/2020,0.7355,,,,,,,,,,,,
6/15/2020,0.7351,,,,,,,,,,,,
6/16/2020,0.7376,,,,,,,,,,,,
6/17/2020,0.7377,,,,,,,,,,,,
6/18/2020,0.7359,,,,,,,,,,,,
6/19/2020,0.736,,,,,,,,,,,,
6/22/2020,0.7383,,,,,,,,,,,,
6/23/2020,0.7399,,,,,,,,,,,,
6/24/2020,0.7358,,,,,,,,,,,,
6/25/2020,0.7329,,,,,,,,,,,,
6/26/2020,0.7312,,,,,,,,,,,,
6/29/2020,0.7309,,,,,,,,,,,,
6/30/2020,0.7338,,,,,,,,,,,,
7/2/2020,0.7361,,,,,,,,,,,,
7/3/2020,0.7372,,,,,,,,,,,,
7/6/2020,0.7384,,,,,,,,,,,,
7/7/2020,0.7362,,,,,,,,,,,,
7/8/2020,0.7387,,,,,,,,,,,,
7/9/2020,0.7377,,,,,,,,,,,,
7/10/2020,0.7356,,,,,,,,,,,,
7/13/2020,0.7371,,,,,,,,,,,,
7/14/2020,0.7344,,,,,,,,,,,,
7/15/2020,0.7389,,,,,,,,,,,,
7/16/2020,0.7384,,,,,,,,,,,,
7/17/2020,0.7367,,,,,,,,,,,,
7/20/2020,0.7384,,,,,,,,,,,,
7/21/2020,0.7437,,,,,,,,,,,,
7/22/2020,0.7452,,,,,,,,,,,,
7/23/2020,0.7467,,,,,,,,,,,,
7/24/2020,0.7451,,,,,,,,,,,,
7/27/2020,0.7475,,,,,,,,,,,,
7/28/2020,0.7478,,,,,,,,,,,,
7/29/2020,0.7485,,,,,,,,,,,,
7/30/2020,0.7445,,,,,,,,,,,,
7/31/2020,0.746,,,,,,,,,,,,
8/4/2020,0.7478,,,,,,,,,,,,
8/5/2020,0.754,,,,,,,,,,,,
8/6/2020,0.7523,,,,,,,,,,,,
8/7/2020,0.7476,,,,,,,,,,,,
8/10/2020,0.7488,,,,,,,,,,,,
8/11/2020,0.7524,,,,,,,,,,,,
8/12/2020,0.7545,,,,,,,,,,,,
8/13/2020,0.7566,,,,,,,,,,,,
8/14/2020,0.7547,,,,,,,,,,,,
8/17/2020,0.7572,,,,,,,,,,,,
8/18/2020,0.7593,,,,,,,,,,,,
8/19/2020,0.7592,,,,,,,,,,,,
8/20/2020,0.7579,,,,,,,,,,,,
8/21/2020,0.7573,,,,,,,,,,,,
8/24/2020,0.7572,,,,,,,,,,,,
8/25/2020,0.7579,,,,,,,,,,,,
8/26/2020,0.7602,,,,,,,,,,,,
8/27/2020,0.7617,,,,,,,,,,,,
8/28/2020,0.7635,,,,,,,,,,,,
8/31/2020,0.7668,,,,,,,,,,,,
9/1/2020,0.766,,,,,,,,,,,,
9/2/2020,0.7653,,,,,,,,,,,,
9/3/2020,0.762,,,,,,,,,,,,
9/4/2020,0.764,,,,,,,,,,,,
9/8/2020,0.7581,,,,,,,,,,,,
9/9/2020,0.7591,,,,,,,,,,,,
9/10/2020,0.7598,,,,,,,,,,,,
9/11/2020,0.7584,,,,,,,,,,,,
9/14/2020,0.759,,,,,,,,,,,,
9/15/2020,0.759,,,,,,,,,,,,
9/16/2020,0.7594,,,,,,,,,,,,
9/17/2020,0.7576,,,,,,,,,,,,
9/18/2020,0.7584,,,,,,,,,,,,
9/21/2020,0.7523,,,,,,,,,,,,
9/22/2020,0.7513,,,,,,,,,,,,
9/23/2020,0.7486,,,,,,,,,,,,
9/24/2020,0.7477,,,,,,,,,,,,
9/25/2020,0.7465,,,,,,,,,,,,
9/28/2020,0.7475,,,,,,,,,,,,
9/29/2020,0.7468,,,,,,,,,,,,
9/30/2020,0.7497,,,,,,,,,,,,
10/1/2020,0.7523,,,,,,,,,,,,
10/2/2020,0.7513,,,,,,,,,,,,
10/5/2020,0.7536,,,,,,,,,,,,
10/6/2020,0.7535,,,,,,,,,,,,
10/7/2020,0.7533,,,,,,,,,,,,
10/8/2020,0.7564,,,,,,,,,,,,
10/9/2020,0.7613,,,,,,,,,,,,
10/13/2020,0.7614,,,,,,,,,,,,
10/14/2020,0.7611,,,,,,,,,,,,
10/15/2020,0.7559,,,,,,,,,,,,
10/16/2020,0.758,,,,,,,,,,,,
10/19/2020,0.7596,,,,,,,,,,,,
10/20/2020,0.7612,,,,,,,,,,,,
10/21/2020,0.7621,,,,,,,,,,,,
10/22/2020,0.7609,,,,,,,,,,,,
10/23/2020,0.761,,,,,,,,,,,,
10/26/2020,0.7575,,,,,,,,,,,,
10/27/2020,0.7596,,,,,,,,,,,,
10/28/2020,0.7518,,,,,,,,,,,,
10/29/2020,0.7491,,,,,,,,,,,,
10/30/2020,0.7509,,,,,,,,,,,,
11/2/2020,0.7543,,,,,,,,,,,,
11/3/2020,0.7607,,,,,,,,,,,,
11/4/2020,0.7612,,,,,,,,,,,,
11/5/2020,0.7662,,,,,,,,,,,,
11/6/2020,0.7669,,,,,,,,,,,,
11/9/2020,0.771,,,,,,,,,,,,
11/10/2020,0.7682,,,,,,,,,,,,
11/12/2020,0.762,,,,,,,,,,,,
11/13/2020,0.7606,,,,,,,,,,,,
11/16/2020,0.7642,,,,,,,,,,,,
11/17/2020,0.7637,,,,,,,,,,,,
11/18/2020,0.7655,,,,,,,,,,,,
11/19/2020,0.7644,,,,,,,,,,,,
11/20/2020,0.7651,,,,,,,,,,,,
11/23/2020,0.7644,,,,,,,,,,,,
11/24/2020,0.7673,,,,,,,,,,,,
11/25/2020,0.7691,,,,,,,,,,,,
11/26/2020,0.7685,,,,,,,,,,,,
11/27/2020,0.7701,,,,,,,,,,,,
11/30/2020,0.7713,,,,,,,,,,,,
12/1/2020,0.7721,,,,,,,,,,,,
12/2/2020,0.7732,,,,,,,,,,,,
12/3/2020,0.7764,,,,,,,,,,,,
12/4/2020,0.7812,,,,,,,,,,,,
12/7/2020,0.7812,,,,,,,,,,,,
12/8/2020,0.7808,,,,,,,,,,,,
12/9/2020,0.7811,,,,,,,,,,,,
12/10/2020,0.7853,,,,,,,,,,,,
12/11/2020,0.7831,,,,,,,,,,,,
12/14/2020,0.7839,,,,,,,,,,,,
12/15/2020,0.786,,,,,,,,,,,,
12/16/2020,0.7841,,,,,,,,,,,,
12/17/2020,0.7863,,,,,,,,,,,,
12/18/2020,0.7828,,,,,,,,,,,,
12/21/2020,0.7783,,,,,,,,,,,,
12/22/2020,0.7747,,,,,,,,,,,,
12/23/2020,0.7778,,,,,,,,,,,,
12/24/2020,0.7791,,,,,,,,,,,,
12/29/2020,0.7809,,,,,,,,,,,,
12/30/2020,0.7831,,,,,,,,,,,,
12/31/2020,0.7854,,,,,,,,,,,,
1/4/2021,0.7843,,,,,,,,,,,,
1/5/2021,0.787,,,,,,,,,,,,
1/6/2021,0.7883,,,,,,,,,,,,
1/7/2021,0.787,,,,,,,,,,,,
1/8/2021,0.7871,,,,,,,,,,,,
1/11/2021,0.782,,,,,,,,,,,,
1/12/2021,0.7846,,,,,,,,,,,,
1/13/2021,0.7868,,,,,,,,,,,,
1/14/2021,0.7903,,,,,,,,,,,,
1/15/2021,0.7857,,,,,,,,,,,,
1/18/2021,0.7836,,,,,,,,,,,,
1/19/2021,0.7852,,,,,,,,,,,,
1/20/2021,0.7901,,,,,,,,,,,,
1/21/2021,0.792,,,,,,,,,,,,
1/22/2021,0.7864,,,,,,,,,,,,
1/25/2021,0.7851,,,,,,,,,,,,
1/26/2021,0.7873,,,,,,,,,,,,
1/27/2021,0.7828,,,,,,,,,,,,
1/28/2021,0.7806,,,,,,,,,,,,
1/29/2021,0.7825,,,,,,,,,,,,
2/1/2021,0.7798,,,,,,,,,,,,
2/2/2021,0.7802,,,,,,,,,,,,
2/3/2021,0.7823,,,,,,,,,,,,
2/4/2021,0.7795,,,,,,,,,,,,
2/5/2021,0.7827,,,,,,,,,,,,
2/8/2021,0.7841,,,,,,,,,,,,
2/9/2021,0.7862,,,,,,,,,,,,
2/10/2021,0.7881,,,,,,,,,,,,
2/11/2021,0.7883,,,,,,,,,,,,
2/12/2021,0.7867,,,,,,,,,,,,
2/16/2021,0.7884,,,,,,,,,,,,
2/17/2021,0.7867,,,,,,,,,,,,
2/18/2021,0.7876,,,,,,,,,,,,
2/19/2021,0.7928,,,,,,,,,,,,
2/22/2021,0.7928,,,,,,,,,,,,
2/23/2021,0.7935,,,,,,,,,,,,
2/24/2021,0.7969,,,,,,,,,,,,
2/25/2021,0.7981,,,,,,,,,,,,
2/26/2021,0.7883,,,,,,,,,,,,
3/1/2021,0.7898,,,,,,,,,,,,
3/2/2021,0.792,,,,,,,,,,,,
3/3/2021,0.7917,,,,,,,,,,,,
3/4/2021,0.7913,,,,,,,,,,,,
3/5/2021,0.7894,,,,,,,,,,,,
3/8/2021,0.7899,,,,,,,,,,,,
3/9/2021,0.7915,,,,,,,,,,,,
3/10/2021,0.7913,,,,,,,,,,,,
3/11/2021,0.7961,,,,,,,,,,,,
3/12/2021,0.8004,,,,,,,,,,,,
3/15/2021,0.8013,,,,,,,,,,,,
3/16/2021,0.8029,,,,,,,,,,,,
3/17/2021,0.8022,,,,,,,,,,,,
3/18/2021,0.8027,,,,,,,,,,,,
3/19/2021,0.7996,,,,,,,,,,,,
3/22/2021,0.7992,,,,,,,,,,,,
3/23/2021,0.7961,,,,,,,,,,,,
3/24/2021,0.7961,,,,,,,,,,,,
3/25/2021,0.7933,,,,,,,,,,,,
3/26/2021,0.7949,,,,,,,,,,,,
3/29/2021,0.794,,,,,,,,,,,,
3/30/2021,0.7917,,,,,,,,,,,,
3/31/2021,0.7952,,,,,,,,,,,,
4/1/2021,0.7959,,,,,,,,,,,,
4/5/2021,0.7984,,,,,,,,,,,,
4/6/2021,0.7962,,,,,,,,,,,,
4/7/2021,0.7926,,,,,,,,,,,,
4/8/2021,0.795,,,,,,,,,,,,
4/9/2021,0.7972,,,,,,,,,,,,
4/12/2021,0.7966,,,,,,,,,,,,
4/13/2021,0.7966,,,,,,,,,,,,
4/14/2021,0.7979,,,,,,,,,,,,
4/15/2021,0.7981,,,,,,,,,,,,
4/16/2021,0.7998,,,,,,,,,,,,
4/19/2021,0.7988,,,,,,,,,,,,
4/20/2021,0.7954,,,,,,,,,,,,
4/21/2021,0.7985,,,,,,,,,,,,
4/22/2021,0.8,,,,,,,,,,,,
4/23/2021,0.8007,,,,,,,,,,,,
4/26/2021,0.8057,,,,,,,,,,,,
4/27/2021,0.8063,,,,,,,,,,,,
4/28/2021,0.8093,,,,,,,,,,,,
4/29/2021,0.8135,,,,,,,,,,,,
4/30/2021,0.814,,,,,,,,,,,,
5/3/2021,0.8144,,,,,,,,,,,,
5/4/2021,0.812,,,,,,,,,,,,
5/5/2021,0.8149,,,,,,,,,,,,
5/6/2021,0.8197,,,,,,,,,,,,
5/7/2021,0.8226,,,,,,,,,,,,
5/10/2021,0.8268,,,,,,,,,,,,
5/11/2021,0.8267,,,,,,,,,,,,
5/12/2021,0.8267,,,,,,,,,,,,
5/13/2021,0.823,,,,,,,,,,,,
5/14/2021,0.8258,,,,,,,,,,,,
5/17/2021,0.8277,,,,,,,,,,,,
5/18/2021,0.8298,,,,,,,,,,,,
5/19/2021,0.8264,,,,,,,,,,,,
5/20/2021,0.8285,,,,,,,,,,,,
5/21/2021,0.8291,,,,,,,,,,,,
5/25/2021,0.8294,,,,,,,,,,,,
5/26/2021,0.8258,,,,,,,,,,,,
5/27/2021,0.8283,,,,,,,,,,,,
5/28/2021,0.8274,,,,,,,,,,,,
5/31/2021,0.8284,,,,,,,,,,,,
6/1/2021,0.8306,,,,,,,,,,,,
6/2/2021,0.8297,,,,,,,,,,,,
6/3/2021,0.8262,,,,,,,,,,,,
6/4/2021,0.8275,,,,,,,,,,,,
6/7/2021,0.8283,,,,,,,,,,,,
6/8/2021,0.8267,,,,,,,,,,,,
6/9/2021,0.8268,,,,,,,,,,,,
6/10/2021,0.8269,,,,,,,,,,,,
6/11/2021,0.8232,,,,,,,,,,,,
6/14/2021,0.8236,,,,,,,,,,,,
6/15/2021,0.8205,,,,,,,,,,,,
6/16/2021,0.8203,,,,,,,,,,,,
6/17/2021,0.8103,,,,,,,,,,,,
6/18/2021,0.8052,,,,,,,,,,,,
6/21/2021,0.808,,,,,,,,,,,,
6/22/2021,0.8093,,,,,,,,,,,,
6/23/2021,0.8139,,,,,,,,,,,,
6/24/2021,0.812,,,,,,,,,,,,
6/25/2021,0.8134,,,,,,,,,,,,
6/28/2021,0.8107,,,,,,,,,,,,
6/29/2021,0.8075,,,,,,,,,,,,
6/30/2021,0.8068,,,,,,,,,,,,
7/2/2021,0.8095,,,,,,,,,,,,
7/5/2021,0.8102,,,,,,,,,,,,
7/6/2021,0.8035,,,,,,,,,,,,
7/7/2021,0.8016,,,,,,,,,,,,
7/8/2021,0.7974,,,,,,,,,,,,
7/9/2021,0.8015,,,,,,,,,,,,
7/12/2021,0.8019,,,,,,,,,,,,
7/13/2021,0.7991,,,,,,,,,,,,
7/14/2021,0.8002,,,,,,,,,,,,
7/15/2021,0.7954,,,,,,,,,,,,
7/16/2021,0.7941,,,,,,,,,,,,
7/19/2021,0.7838,,,,,,,,,,,,
7/20/2021,0.7855,,,,,,,,,,,,
7/21/2021,0.7943,,,,,,,,,,,,
7/22/2021,0.7957,,,,,,,,,,,,
7/23/2021,0.7952,,,,,,,,,,,,
7/26/2021,0.7969,,,,,,,,,,,,
7/27/2021,0.795,,,,,,,,,,,,
7/28/2021,0.7958,,,,,,,,,,,,
7/29/2021,0.8032,,,,,,,,,,,,
7/30/2021,0.8024,,,,,,,,,,,,
8/3/2021,0.7971,,,,,,,,,,,,
8/4/2021,0.7971,,,,,,,,,,,,
8/5/2021,0.8002,,,,,,,,,,,,
8/6/2021,0.7968,,,,,,,,,,,,
8/9/2021,0.7959,,,,,,,,,,,,
8/10/2021,0.7974,,,,,,,,,,,,
8/11/2021,0.7996,,,,,,,,,,,,
8/12/2021,0.7987,,,,,,,,,,,,
8/13/2021,0.7991,,,,,,,,,,,,
8/16/2021,0.7956,,,,,,,,,,,,
8/17/2021,0.7922,,,,,,,,,,,,
8/18/2021,0.7918,,,,,,,,,,,,
8/19/2021,0.7817,,,,,,,,,,,,
8/20/2021,0.7778,,,,,,,,,,,,
8/23/2021,0.7885,,,,,,,,,,,,
8/24/2021,0.7931,,,,,,,,,,,,
8/25/2021,0.7925,,,,,,,,,,,,
8/26/2021,0.7905,,,,,,,,,,,,
8/27/2021,0.7915,,,,,,,,,,,,
8/30/2021,0.7935,,,,,,,,,,,,
8/31/2021,0.7926,,,,,,,,,,,,
9/1/2021,0.7932,,,,,,,,,,,,
9/2/2021,0.7954,,,,,,,,,,,,
9/3/2021,0.7988,,,,,,,,,,,,
9/7/2021,0.7923,,,,,,,,,,,,
9/8/2021,0.7889,,,,,,,,,,,,
9/9/2021,0.7903,,,,,,,,,,,,
9/10/2021,0.7917,,,,,,,,,,,,
9/13/2021,0.7898,,,,,,,,,,,,
9/14/2021,0.7898,,,,,,,,,,,,
9/15/2021,0.7905,,,,,,,,,,,,
9/16/2021,0.789,,,,,,,,,,,,
9/17/2021,0.7861,,,,,,,,,,,,
9/20/2021,0.7795,,,,,,,,,,,,
9/21/2021,0.7812,,,,,,,,,,,,
9/22/2021,0.7839,,,,,,,,,,,,
9/23/2021,0.7903,,,,,,,,,,,,
9/24/2021,0.7886,,,,,,,,,,,,
9/27/2021,0.7913,,,,,,,,,,,,
9/28/2021,0.7886,,,,,,,,,,,,
9/29/2021,0.7849,,,,,,,,,,,,
10/1/2021,0.7903,,,,,,,,,,,,
10/4/2021,0.7947,,,,,,,,,,,,
10/5/2021,0.7952,,,,,,,,,,,,
10/6/2021,0.7928,,,,,,,,,,,,
10/7/2021,0.7963,,,,,,,,,,,,
10/8/2021,0.8012,,,,,,,,,,,,
10/12/2021,0.8025,,,,,,,,,,,,
10/13/2021,0.8035,,,,,,,,,,,,
10/14/2021,0.8083,,,,,,,,,,,,
10/15/2021,0.8078,,,,,,,,,,,,
10/18/2021,0.8081,,,,,,,,,,,,
10/19/2021,0.8093,,,,,,,,,,,,
10/20/2021,0.8111,,,,,,,,,,,,
10/21/2021,0.8097,,,,,,,,,,,,
10/22/2021,0.8093,,,,,,,,,,,,
10/25/2021,0.8078,,,,,,,,,,,,
10/26/2021,0.808,,,,,,,,,,,,
10/27/2021,0.8092,,,,,,,,,,,,
10/28/2021,0.8098,,,,,,,,,,,,
10/29/2021,0.8075,,,,,,,,,,,,
11/1/2021,0.8085,,,,,,,,,,,,
11/2/2021,0.8062,,,,,,,,,,,,
11/3/2021,0.8053,,,,,,,,,,,,
11/4/2021,0.8033,,,,,,,,,,,,
11/5/2021,0.8031,,,,,,,,,,,,
11/8/2021,0.8033,,,,,,,,,,,,
11/9/2021,0.8033,,,,,,,,,,,,
11/10/2021,0.8031,,,,,,,,,,,,
11/12/2021,0.7959,,,,,,,,,,,,
11/15/2021,0.7989,,,,,,,,,,,,
11/16/2021,0.7968,,,,,,,,,,,,
11/17/2021,0.794,,,,,,,,,,,,
11/18/2021,0.7927,,,,,,,,,,,,
11/19/2021,0.7912,,,,,,,,,,,,
11/22/2021,0.7886,,,,,,,,,,,,
11/23/2021,0.787,,,,,,,,,,,,
11/24/2021,0.7888,,,,,,,,,,,,
11/25/2021,0.7903,,,,,,,,,,,,
11/26/2021,0.783,,,,,,,,,,,,
11/29/2021,0.7834,,,,,,,,,,,,
11/30/2021,0.7817,,,,,,,,,,,,
12/1/2021,0.7827,,,,,,,,,,,,
12/2/2021,0.7803,,,,,,,,,,,,
12/3/2021,0.7805,,,,,,,,,,,,
12/6/2021,0.7825,,,,,,,,,,,,
12/7/2021,0.7899,,,,,,,,,,,,
12/8/2021,0.791,,,,,,,,,,,,
12/9/2021,0.7874,,,,,,,,,,,,
12/10/2021,0.7865,,,,,,,,,,,,
12/13/2021,0.7818,,,,,,,,,,,,
12/14/2021,0.7785,,,,,,,,,,,,
12/15/2021,0.7756,,,,,,,,,,,,
12/16/2021,0.7824,,,,,,,,,,,,
12/17/2021,0.7785,,,,,,,,,,,,
12/20/2021,0.7727,,,,,,,,,,,,
12/21/2021,0.7736,,,,,,,,,,,,
12/22/2021,0.7773,,,,,,,,,,,,
12/23/2021,0.7803,,,,,,,,,,,,
12/24/2021,0.7805,,,,,,,,,,,,
12/29/2021,0.781,,,,,,,,,,,,
12/30/2021,0.7827,,,,,,,,,,,,
12/31/2021,0.7888,,,,,,,,,,,,
1/4/2022,0.7869,,,,,,,,,,,,
1/5/2022,0.7863,,,,,,,,,,,,
1/6/2022,0.7849,,,,,,,,,,,,
1/7/2022,0.7895,,,,,,,,,,,,
1/10/2022,0.7887,,,,,,,,,,,,
1/11/2022,0.7933,,,,,,,,,,,,
1/12/2022,0.7994,,,,,,,,,,,,
1/13/2022,0.801,,,,,,,,,,,,
1/14/2022,0.7971,,,,,,,,,,,,
1/17/2022,0.7987,,,,,,,,,,,,
1/18/2022,0.7981,,,,,,,,,,,,
1/19/2022,0.8005,,,,,,,,,,,,
1/20/2022,0.8017,,,,,,,,,,,,
1/21/2022,0.7971,,,,,,,,,,,,
1/24/2022,0.7901,,,,,,,,,,,,
1/25/2022,0.7918,,,,,,,,,,,,
1/26/2022,0.7933,,,,,,,,,,,,
1/27/2022,0.7867,,,,,,,,,,,,
1/28/2022,0.783,,,,,,,,,,,,
1/31/2022,0.7862,,,,,,,,,,,,
2/1/2022,0.7878,,,,,,,,,,,,
2/2/2022,0.7888,,,,,,,,,,,,
2/3/2022,0.7887,,,,,,,,,,,,
2/4/2022,0.7838,,,,,,,,,,,,
2/7/2022,0.7881,,,,,,,,,,,,
2/8/2022,0.7868,,,,,,,,,,,,
2/9/2022,0.7886,,,,,,,,,,,,
2/10/2022,0.7885,,,,,,,,,,,,
2/11/2022,0.7873,,,,,,,,,,,,
2/14/2022,0.7851,,,,,,,,,,,,
2/15/2022,0.7849,,,,,,,,,,,,
2/16/2022,0.7883,,,,,,,,,,,,
2/17/2022,0.7877,,,,,,,,,,,,
2/18/2022,0.7853,,,,,,,,,,,,
2/22/2022,0.7847,,,,,,,,,,,,
2/23/2022,0.7863,,,,,,,,,,,,
2/24/2022,0.7793,,,,,,,,,,,,
2/25/2022,0.7845,,,,,,,,,,,,
2/28/2022,0.7875,,,,,,,,,,,,
3/1/2022,0.7869,,,,,,,,,,,,
3/2/2022,0.7894,,,,,,,,,,,,
3/3/2022,0.7896,,,,,,,,,,,,
3/4/2022,0.7843,,,,,,,,,,,,
3/7/2022,0.7829,,,,,,,,,,,,
3/8/2022,0.7772,,,,,,,,,,,,
3/9/2022,0.78,,,,,,,,,,,,
3/10/2022,0.7827,,,,,,,,,,,,
3/11/2022,0.7862,,,,,,,,,,,,
3/14/2022,0.7827,,,,,,,,,,,,
3/15/2022,0.7811,,,,,,,,,,,,
3/16/2022,0.7861,,,,,,,,,,,,
3/17/2022,0.7905,,,,,,,,,,,,
3/18/2022,0.7926,,,,,,,,,,,,
3/21/2022,0.7941,,,,,,,,,,,,
3/22/2022,0.7944,,,,,,,,,,,,
3/23/2022,0.7955,,,,,,,,,,,,
3/24/2022,0.7971,,,,,,,,,,,,
3/25/2022,0.7999,,,,,,,,,,,,
3/28/2022,0.7974,,,,,,,,,,,,
3/29/2022,0.7994,,,,,,,,,,,,
3/30/2022,0.8019,,,,,,,,,,,,
3/31/2022,0.8003,,,,,,,,,,,,
4/1/2022,0.7992,,,,,,,,,,,,
4/4/2022,0.8006,,,,,,,,,,,,
4/5/2022,0.8031,,,,,,,,,,,,
4/6/2022,0.7994,,,,,,,,,,,,
4/7/2022,0.7947,,,,,,,,,,,,
4/8/2022,0.7943,,,,,,,,,,,,
4/11/2022,0.7923,,,,,,,,,,,,
4/12/2022,0.7926,,,,,,,,,,,,
4/13/2022,0.7932,,,,,,,,,,,,
4/14/2022,0.7936,,,,,,,,,,,,
